Video_name,Visible Actions,Not Visible Actions
2p0_3mini_2.mp4,,taste good
2p0_3mini_2.mp4,,taste even more egg like
2p0_3mini_2.mp4,,making it
2p0_3mini_2.mp4,,add to the egg tofu mixture too
2p0_3mini_2.mp4,,see how good plant-based food
2p0_3mini_2.mp4,,see the recipe that I
2p0_3mini_2.mp4,,go super easy simple recipes
2p0_3mini_2.mp4,,has you roast a lot of stuff a lot of the vegetables in the oven
2p0_3mini_2.mp4,,show you that
2p0_3mini_2.mp4,,do different oh no there
2p0_3mini_2.mp4,,make it
2p0_3mini_2.mp4,,check it out
2p0_3mini_2.mp4,,show you as I
2p0_3mini_2.mp4,,do that
7p1_3mini_4.mp4,,took a square dollar tree bin one of the really big ones
7p1_3mini_4.mp4,,lay it flat
7p1_3mini_4.mp4,,hope you guys
7p1_3mini_4.mp4,goes like a file system into your deep freezer,
7p1_3mini_4.mp4,add things like cilantro,
7p1_3mini_4.mp4,frozen I just,
7p1_3mini_4.mp4,goes into four different Ziploc bags which,
7p1_3mini_4.mp4,,got the chicken quinoa
7p1_3mini_4.mp4,,hear in the background Oh
7p1_3mini_4.mp4,,find what we
7p1_3mini_4.mp4,leave it a thumbs up,
6p1_3mini_1.mp4,get out of bed,
6p1_3mini_1.mp4,,head straight to the couch the first thing that I
6p1_3mini_1.mp4,,looking at my phone in the morning anymore
6p1_3mini_1.mp4,mix my coffee with a little bit of soy milk,
6p1_3mini_1.mp4,,stay asleep which
6p1_3mini_1.mp4,,give it a thumbs up
6p1_3mini_1.mp4,,use the black coffee pods I
8p1_3mini_4.mp4,,cooled pasta into a bowl
8p1_3mini_4.mp4,put mixed nuts,
8p1_3mini_4.mp4,,add a bunch of veggies
8p1_3mini_4.mp4,dried apricots,
8p1_3mini_4.mp4,,added some dates which
8p1_3mini_4.mp4,make it a little bit healthier,
8p1_3mini_4.mp4,,sliced in half
8p1_3mini_4.mp4,,using for these lunches I
8p1_3mini_4.mp4,,found them on Amazon for around 10
8p1_3mini_4.mp4,,come with a spork which
8p1_3mini_4.mp4,,use brown rice or quinoa pasta just
8p1_3mini_4.mp4,,eat it every single day sometimes twice a day
8p1_3mini_4.mp4,,give it some added protein
8p1_3mini_4.mp4,,put the
10p1_3mini_1.mp4,,do during the week or on the weekend when you
10p1_3mini_1.mp4,,has about 17 grams of protein that
10p1_3mini_1.mp4,show you,
10p1_3mini_1.mp4,,get one that
10p1_3mini_1.mp4,,mix mine this
10p1_3mini_1.mp4,,heard of it
10p1_3mini_1.mp4,,add mine with a whole banana
10p1_3mini_1.mp4,,has sugar already you
10p1_3mini_1.mp4,,snacking on any of those junk foods that people
10p1_3mini_1.mp4,,do my first breakfast option here
10p1_3mini_1.mp4,,keep you full hopefully into lunch time
10p1_3mini_1.mp4,control it,
10p1_3mini_1.mp4,,add your sugar
5p0_3mini_7.mp4,,made with coconut milk it
5p0_3mini_7.mp4,,eat in a daze if you
5p0_3mini_7.mp4,eat one,
5p0_3mini_7.mp4,,click the
5p0_3mini_7.mp4,,check out some more what I
5p0_3mini_7.mp4,ended up just,
5p0_3mini_7.mp4,,eating the whole bar
5p0_3mini_7.mp4,,finish off my friday night I
5p0_3mini_7.mp4,,see you next Sunday bye
5p0_3mini_7.mp4,,making this recipe I
5p0_3mini_7.mp4,,eats for the day I
5p0_3mini_7.mp4,,get some extra veggies
5p0_3mini_7.mp4,,tasted incredible this
5p0_3mini_7.mp4,,stop myself from
9p0_3mini_5.mp4,freaked her out Brooks,
9p0_3mini_5.mp4,offer him a lot of variety in the end the goal,
9p0_3mini_5.mp4,,pique her interest
9p0_3mini_5.mp4,,get together a few friends
9p0_3mini_5.mp4,,come to terms with that another day another peanut butter
9p0_3mini_5.mp4,support it,
9p0_3mini_5.mp4,,making lunch
4p1_3mini_16.mp4,keep things pretty simple,
4p1_3mini_16.mp4,use that as a table runner,
4p1_3mini_16.mp4,,looks really pretty as well
4p1_3mini_16.mp4,,sitting around in my house
4p1_3mini_16.mp4,,got this cake
4p1_3mini_16.mp4,,wrapped twine around it
4p1_3mini_16.mp4,,seen better days
6p0_3mini_2.mp4,adds healthy fats to my breakfast,
6p0_3mini_2.mp4,added pure Earth 's,
6p0_3mini_2.mp4,,purchased in facilities that also
6p0_3mini_2.mp4,making Apple Oatmeal this,
6p0_3mini_2.mp4,add the rest of the ingredients I always,
6p0_3mini_2.mp4,mix half a cup of whole rolled oats with one,
6p0_3mini_2.mp4,simmer for about 10 to 20 minutes depending on how much water I,
6p0_3mini_2.mp4,,adding one flat teaspoon of coconut oil to mark meal this
6p0_3mini_2.mp4,,gluten free
6p0_3mini_2.mp4,,cross-contaminated most commercial art products
6p0_3mini_2.mp4,,process other grains like wheat or rye
6p0_3mini_2.mp4,,suffers from a gluten allergy or a gluten intolerance
6p0_3mini_2.mp4,,labeled gluten-free
6p0_3mini_2.mp4,bring that to a boil on the stove,
4p0_3mini_7.mp4,make it a positive statement about yourself,
4p0_3mini_7.mp4,fill it in,
4p0_3mini_7.mp4,,do you in that day
4p0_3mini_7.mp4,,make today great
4p0_3mini_7.mp4,,focus on that the second question
4p0_3mini_7.mp4,,complete the sentence the key
4p0_3mini_7.mp4,,brave I
3p1_3mini_3.mp4,,go to Target
3p1_3mini_3.mp4,,go along good I just
3p1_3mini_3.mp4,,start at the Dollar Tree
3p1_3mini_3.mp4,smells really good next thing I,
3p1_3mini_3.mp4,smells really good now this,
3p1_3mini_3.mp4,,see what they
3p1_3mini_3.mp4,smells it just,
4p0_3mini_14.mp4,,answer the three questions that I
4p0_3mini_14.mp4,,design your own morning routine however you like it
4p0_3mini_14.mp4,,asks you
4p0_3mini_14.mp4,use the five-minute journal app sometimes,
4p0_3mini_14.mp4,,takes actually less than five minutes
4p0_3mini_14.mp4,use it,
4p0_3mini_14.mp4,,got the three questions from you
4p0_3mini_14.mp4,,take a few minutes to journal if you into that I
4p0_3mini_14.mp4,stay off social media,
4p0_3mini_14.mp4,,mentioned earlier that
4p0_3mini_14.mp4,sit by yourself for a quiet moment in the morning,
4p0_3mini_14.mp4,meditating you,
4p0_3mini_14.mp4,,ask myself the three questions it
5p0_3mini_5.mp4,,chop up a red onion
5p0_3mini_5.mp4,,filling then
5p0_3mini_5.mp4,,make some kind of like twice baked pizza sweet potato
5p0_3mini_5.mp4,,do pizza on friday
5p0_3mini_5.mp4,added some nutritional yeast,
5p0_3mini_5.mp4,,filling up with a fort
5p0_3mini_5.mp4,give it that salty cheesy flavor,
5p0_3mini_5.mp4,,steamed it in the microwave just like you
5p0_3mini_5.mp4,added some kind of like pizza ingredients,
5p0_3mini_5.mp4,picked up a huge sweet potato from the store on my way home,
5p0_3mini_5.mp4,got some of this tomato basil kinda like a marinara sauce,
5p0_3mini_5.mp4,,took out the I just
5p0_3mini_5.mp4,,mashed the
5p0_3mini_5.mp4,,make a big potato
2p0_3mini_1.mp4,,tasked me with
2p0_3mini_1.mp4,,doing something a little different this morning we
2p0_3mini_1.mp4,,do since I
2p0_3mini_1.mp4,,watching this I
2p0_3mini_1.mp4,,eat more
2p0_3mini_1.mp4,,do my parents for breakfast or brunch
2p0_3mini_1.mp4,,bringing a frittata
2p0_3mini_1.mp4,,exchanged gifts with just each other
2p0_3mini_1.mp4,make a tofu quiche,
2p0_3mini_1.mp4,,hope that
2p0_3mini_1.mp4,celebrate anything else during the holiday I,
2p0_3mini_1.mp4,,celebrate if you
2p0_3mini_1.mp4,,bring a plant-based option to the meal
2p0_3mini_1.mp4,,hope you
9p0_3mini_2.mp4,stay warm for a very long time,
9p0_3mini_2.mp4,comes with four slots,
9p0_3mini_2.mp4,warm them up,
9p0_3mini_2.mp4,making sandwiches,
9p0_3mini_2.mp4,giving you specific compartments now there,
9p0_3mini_2.mp4,pour a little bit of hot water in them,
9p0_3mini_2.mp4,,sporks they
9p0_3mini_2.mp4,,make sure that they
9p0_3mini_2.mp4,,use when I
9p0_3mini_2.mp4,organize your supplies if you,
9p0_3mini_2.mp4,pack your kids lunches by,
9p0_3mini_2.mp4,set aside a drawer in your kitchen,
9p0_3mini_2.mp4,,moving on to the main component I really
9p0_3mini_2.mp4,,put your warm pasta in there
6p0_3mini_4.mp4,,pop that on to the store for another few minutes anyway from 5 to 10 minutes
6p0_3mini_4.mp4,,speed up the cooking time though you
6p0_3mini_4.mp4,,works too
6p0_3mini_4.mp4,,chopped whole almonds just
6p0_3mini_4.mp4,,serve it in a ball
6p0_3mini_4.mp4,,add extra sweet another it just
6p0_3mini_4.mp4,top it with 1 tablespoon of unsweetened almond butter,
6p0_3mini_4.mp4,,fall in the ODE the sweeter the earth
6p0_3mini_4.mp4,,depends on how much of a sweet tooth I
6p0_3mini_4.mp4,,use the one of the other others some nut butter or some raw almonds
6p0_3mini_4.mp4,depends what kind of mood I,
6p0_3mini_4.mp4,cook the apples,
6p0_3mini_4.mp4,,add the Apple foods a lot sooner that
4p1_3mini_17.mp4,get them from Walmart from Amazon anywhere you,
4p1_3mini_17.mp4,,tear into
4p1_3mini_17.mp4,,searching for
4p1_3mini_17.mp4,grab it,
4p1_3mini_17.mp4,,link them down below
4p1_3mini_17.mp4,,got this picture
4p1_3mini_17.mp4,,pick them up for pretty inexpensive
4p1_3mini_17.mp4,,found some
4p1_3mini_17.mp4,,seen these all over you
4p1_3mini_17.mp4,moving back into the living room I,
4p1_3mini_17.mp4,got a couple bunches of flowers from the Dollar Tree,
4p1_3mini_17.mp4,,saw it at Smith 's the other day on sale
4p1_3mini_17.mp4,,found them on Amazon
4p1_3mini_17.mp4,set those in there,
4p0_3mini_4.mp4,make their beds in the morning,
4p0_3mini_4.mp4,,give you good sustained energy throughout the entire morning
4p0_3mini_4.mp4,eat a healthier breakfast in the morning you,
4p0_3mini_4.mp4,,sets the tone for your entire day of
4p0_3mini_4.mp4,,take on the day than people who
4p0_3mini_4.mp4,,eat for breakfast really
4p0_3mini_4.mp4,,make the choice
4p0_3mini_4.mp4,,making healthier food choices
4p0_3mini_4.mp4,eating a healthy breakfast in the morning well what,
4p0_3mini_4.mp4,,make them
4p0_3mini_4.mp4,make their beds I,
4p0_3mini_4.mp4,,make someone feel
4p0_3mini_4.mp4,,shown that people who
4p0_3mini_4.mp4,,eating if you
4p1_3mini_15.mp4,,doing it
4p1_3mini_15.mp4,,looked at them
4p1_3mini_15.mp4,,see mommy floors today
4p1_3mini_15.mp4,,mopping I
4p1_3mini_15.mp4,do a quick run-through over our floors with them up,
4p1_3mini_15.mp4,adding a little bit of essential oil to the pad,
4p1_3mini_15.mp4,,makes it smell
4p1_3mini_2.mp4,,go through we
4p1_3mini_2.mp4,decorating or redecorating I,
4p1_3mini_2.mp4,,end up on my channel
4p1_3mini_2.mp4,make sure that my space,
4p1_3mini_2.mp4,starting out in my kitchen,
4p1_3mini_2.mp4,filmed this I,
4p1_3mini_2.mp4,,gotten out of school the day before I
4p1_3mini_2.mp4,get on into it,
4p1_3mini_2.mp4,,do any kind of always
4p1_3mini_2.mp4,,go ahead
4p1_3mini_2.mp4,clear up the counters,
4p1_3mini_11.mp4,leave your couches I just,
4p1_3mini_11.mp4,works really really good you,
4p1_3mini_11.mp4,,makes testing throughout the week a little bit easier
4p1_3mini_11.mp4,use this,
4p1_3mini_11.mp4,got this duster from Grove collaborative as well I,
4p1_3mini_11.mp4,pass into the washing machine,
4p1_3mini_11.mp4,do any time I,
4p1_3mini_11.mp4,,get a lot of questions
4p1_3mini_11.mp4,ride us throughout the week,
4p1_3mini_11.mp4,looking like new then,
4p1_3mini_11.mp4,take the Duster part off,
6p0_3mini_11.mp4,,get into better shape the Apple oatmeal
6p0_3mini_11.mp4,,scratched my channel for more videos I
6p0_3mini_11.mp4,,put all the recipes that I
6p0_3mini_11.mp4,,lose weight
6p0_3mini_11.mp4,making those three gluten-free breakfasts with me,
6p0_3mini_11.mp4,,make sure that you like it
6p0_3mini_11.mp4,,see you soon
6p0_3mini_11.mp4,,thank you
6p0_3mini_11.mp4,put a link to that below this video you,
6p0_3mini_11.mp4,,check them out if you
6p0_3mini_11.mp4,,share it
6p0_3mini_11.mp4,,hope that you
6p0_3mini_11.mp4,,watching this video I really
6p0_3mini_11.mp4,showed you today over on my blog,
5p1_3mini_7.mp4,,take about five minutes longer
5p1_3mini_7.mp4,,go to my Pilates class dinner
5p1_3mini_7.mp4,use a premade,
5p1_3mini_7.mp4,,leave those in a little bit longer
5p1_3mini_7.mp4,cut them in half,
5p1_3mini_7.mp4,put on top of the salmon,
5p1_3mini_7.mp4,put my salmon on the tray spray both of those down with a little bit of olive oil,
5p1_3mini_7.mp4,make them,
5p1_3mini_7.mp4,,cook something it
5p1_3mini_7.mp4,,dedicated to my favorite make-ahead meals
5p1_3mini_7.mp4,,reheat a meal that I
5p1_3mini_7.mp4,,varies the most for me most
5p1_3mini_7.mp4,prepared I,
6p1_3mini_4.mp4,,rose water spray everybody literally
6p1_3mini_4.mp4,using a real techniques,
6p1_3mini_4.mp4,,brightening cream
6p1_3mini_4.mp4,,go in with my origins
6p1_3mini_4.mp4,,rose gold brushes from zoeva
6p1_3mini_4.mp4,,talks about
6p1_3mini_4.mp4,,do a really intense look for a video
6p1_3mini_4.mp4,trying it out then I,
6p1_3mini_4.mp4,use this around my eye area,
6p1_3mini_4.mp4,move on to makeup my makeup routine,
4p0_3mini_11.mp4,,telling yourself
4p0_3mini_11.mp4,,cancel complex I
4p0_3mini_11.mp4,,hating on yourself I I just I truly it
4p0_3mini_11.mp4,give your skin that healthy glowy look the next healthy morning habit idea,
4p0_3mini_11.mp4,getting ready in the morning instead of,
4p0_3mini_11.mp4,,believe that every person
4p0_3mini_11.mp4,,believe in ugly people
4p0_3mini_11.mp4,improve the condition of your skin,
4p0_3mini_11.mp4,looks different,
4p0_3mini_11.mp4,,accentuate your best features we
4p0_3mini_11.mp4,,try that you
4p0_3mini_11.mp4,,tell yourself you
4p0_3mini_11.mp4,,looked after to you
4p0_3mini_11.mp4,getting ready in the morning,
1p0_3mini_8.mp4,garnish it,
1p0_3mini_8.mp4,take the rosemary out,
1p0_3mini_8.mp4,try it out,
1p0_3mini_8.mp4,,start your period
1p0_3mini_8.mp4,make your own bath salts with Epsom salt,
1p0_3mini_8.mp4,take baths while they,
1p0_3mini_8.mp4,,getting ready
1p0_3mini_8.mp4,add the kale in there I,
1p0_3mini_8.mp4,mix together for when you,
1p0_3mini_8.mp4,,serve you
1p0_3mini_8.mp4,put it in a bowl,
1p0_3mini_8.mp4,hope you,
10p0_3mini_7.mp4,add in your fresh herbs,
10p0_3mini_7.mp4,makes it,
10p0_3mini_7.mp4,,use kale
10p0_3mini_7.mp4,go ahead toast your bread line it with the lettuce you,
10p0_3mini_7.mp4,adding fresh herbs,
10p0_3mini_7.mp4,added all of the chickpeas to a medium-sized bowl,
10p0_3mini_7.mp4,sip like recipes like this it really,
10p0_3mini_7.mp4,,going to you
10p0_3mini_7.mp4,pack as much of this chickpea salad,
10p0_3mini_7.mp4,packed our very well,
10p0_3mini_7.mp4,,telling you
10p0_3mini_7.mp4,mashed potatoes,
10p0_3mini_7.mp4,,see we
10p0_3mini_7.mp4,get it good kind of like tuna salad consistency,
1p0_3mini_6.mp4,make a lentil kale soup,
1p0_3mini_6.mp4,reaching for products that,
1p0_3mini_6.mp4,,makes me
1p0_3mini_6.mp4,,veggie broth I
1p0_3mini_6.mp4,make something hearty,
1p0_3mini_6.mp4,reduce redness or puffiness it,
1p0_3mini_6.mp4,,find that that
1p0_3mini_6.mp4,,going for
1p0_3mini_6.mp4,,add lots
1p0_3mini_6.mp4,reduce any redness or puffiness,
1p0_3mini_6.mp4,add some onions I,
10p1_3mini_9.mp4,,look forward to
10p1_3mini_9.mp4,,hear your feedback
10p1_3mini_9.mp4,,add frozen banana or a scoop of peanut butter for an extra protein
10p1_3mini_9.mp4,,add enough nutrients to kind of fill you up until your next meal if you
10p1_3mini_9.mp4,,try any of these I
10p1_3mini_9.mp4,,throw them in the fridge already in a takeaway container
10p1_3mini_9.mp4,,make them the night before
10p1_3mini_9.mp4,,running out the door sometimes
10p1_3mini_9.mp4,,found them helpful
10p1_3mini_9.mp4,seeing you guys the next video,
10p1_3mini_9.mp4,,do if you people
10p1_3mini_9.mp4,,hope you
10p1_3mini_4.mp4,,has iron
10p1_3mini_4.mp4,,add them in for a little bit of sweetness
10p1_3mini_4.mp4,,chop these up
10p1_3mini_4.mp4,,get super high in protein
10p1_3mini_4.mp4,,watch it as much you
10p1_3mini_4.mp4,,post on my blog very soon
10p1_3mini_4.mp4,,add your toppings to it I that I
10p1_3mini_4.mp4,,getting your lunch together
10p1_3mini_4.mp4,,takes a little bit longer
10p1_3mini_4.mp4,,makes them super delicious without
10p1_3mini_4.mp4,,buy those prepackaged oatmeal packages they normally
10p1_3mini_4.mp4,,adding too much sugar or you you you here you
10p1_3mini_4.mp4,,stir it here in there or you
1p0_3mini_3.mp4,,take a supplement internally
1p0_3mini_3.mp4,,make a magnesium lotion bar which
1p0_3mini_3.mp4,,stick it in the refrigerator
1p0_3mini_3.mp4,,made several lotion bars on my channel before
1p0_3mini_3.mp4,,keep it at room temperature
1p0_3mini_3.mp4,put that into silicone molds,
1p0_3mini_3.mp4,,come by
1p0_3mini_3.mp4,,add essential oils once I
1p0_3mini_3.mp4,,throbbing one thing that
1p0_3mini_3.mp4,,listed below I
1p0_3mini_3.mp4,mixed together ingredients I always,
1p0_3mini_3.mp4,,allow it
1p0_3mini_3.mp4,,talk to your doctor before you
1p0_3mini_3.mp4,,cool down
8p0_3mini_1.mp4,,find these for right around 10 bucks it
8p0_3mini_1.mp4,use any product just water it,
8p0_3mini_1.mp4,,move I
8p0_3mini_1.mp4,,sharing with you some budget-friendly
8p0_3mini_1.mp4,,get it wet you
8p0_3mini_1.mp4,,lie this
8p0_3mini_1.mp4,,satisfying I rarely sweep if a fancy cordless vacuum
8p0_3mini_1.mp4,use the long microfiber side to clean underneath of all of that furniture I,
8p0_3mini_1.mp4,,heard of before first up
8p0_3mini_1.mp4,use cleaning products for your floor,
8p0_3mini_1.mp4,see janitorial staff work this,
3p1_3mini_5.mp4,,opens up their package
3p1_3mini_5.mp4,,writing on like sweet little notes in there
3p1_3mini_5.mp4,,decided this cup I just
3p1_3mini_5.mp4,,put those in there
3p1_3mini_5.mp4,,trying to myself
3p1_3mini_5.mp4,,tell it
3p1_3mini_5.mp4,,add those in there
3p1_3mini_5.mp4,,break it to them yet the very last thing that I
3p1_3mini_5.mp4,,packing peanuts
3p1_3mini_5.mp4,,treat these
3p1_3mini_5.mp4,,got some yellow balloons which I
3p1_3mini_5.mp4,,add I also
3p1_3mini_5.mp4,see there milk chocolate truffle bars I,
3p1_3mini_5.mp4,,go ahead
5p1_3mini_8.mp4,,give this video a thumbs up
5p1_3mini_8.mp4,add some red wine vinegar,
5p1_3mini_8.mp4,,go in there to that you just
5p1_3mini_8.mp4,,found it interesting if you
5p1_3mini_8.mp4,,check out some of my other health-related videos I
5p1_3mini_8.mp4,,done they
5p1_3mini_8.mp4,,topping I
5p1_3mini_8.mp4,,watching this
5p1_3mini_8.mp4,,drink an herbal iced tea this one
5p1_3mini_8.mp4,,get these in a big bag from Costco
5p1_3mini_8.mp4,,try them out if you
5p1_3mini_8.mp4,,hope you guys
5p1_3mini_8.mp4,chopped up almonds,
5p1_3mini_8.mp4,cut up some fresh parsley,
4p1_3mini_5.mp4,,smelled it
4p1_3mini_5.mp4,,used this in my last pudding video
4p1_3mini_5.mp4,make it smell nice,
4p1_3mini_5.mp4,,loving them
4p1_3mini_5.mp4,,using them about a week
4p1_3mini_5.mp4,using my favorite cleaner which,
4p1_3mini_5.mp4,,work really really well
4p1_3mini_5.mp4,wipe down my counters,
4p1_3mini_5.mp4,wiping down my barstools I,
4p1_3mini_5.mp4,using the car shammies that I,
6p1_3mini_2.mp4,show in this video in the description,
6p1_3mini_2.mp4,do either upper body weights or lower body weights,
6p1_3mini_2.mp4,making breakfast,
6p1_3mini_2.mp4,pack a little bag of stuff like a drink bottle,
6p1_3mini_2.mp4,give it a couple hours,
6p1_3mini_2.mp4,finish off with just a little bit of luck cardio warm down,
6p1_3mini_2.mp4,start with some cardio,
6p1_3mini_2.mp4,see like maybe a fitness routine,
6p1_3mini_2.mp4,throw on my little Nike runners I,
6p1_3mini_2.mp4,seen this before I,
6p1_3mini_2.mp4,go to my gym,
6p1_3mini_2.mp4,consists of one of my cotton on body sports bras a singlet,
6p1_3mini_2.mp4,jump straight into,
6p1_3mini_2.mp4,working on,
9p1_3mini_1.mp4,make your own,
9p1_3mini_1.mp4,using one from an aluminum foil roll,
9p1_3mini_1.mp4,adding our nails,
9p1_3mini_1.mp4,hammer it in then,
9p1_3mini_1.mp4,making beautiful things for my family on a budget all you,
9p1_3mini_1.mp4,make your own rain stick with just a few supplies you probably already,
9p1_3mini_1.mp4,show you another option later if you only,
9p1_3mini_1.mp4,looked by him one online,
9p1_3mini_1.mp4,show you how easy it,
9p1_3mini_1.mp4,start with our cardboard tube which,
9p1_3mini_1.mp4,sticks that Lincoln absolutely,
9p1_3mini_1.mp4,stumbled across some tutorials on how you,
9p1_3mini_1.mp4,place your first one near the end of the tube,
10p0_3mini_4.mp4,did here this or you,
10p0_3mini_4.mp4,hydrating your skin it,
10p0_3mini_4.mp4,chopped celery this,
10p0_3mini_4.mp4,make your own like we,
10p0_3mini_4.mp4,buy your favorite hummus from the store then,
10p0_3mini_4.mp4,used August containers which she,
10p0_3mini_4.mp4,take advantage of them by,
10p0_3mini_4.mp4,collapse them after you,
10p0_3mini_4.mp4,finish your lunch,
10p0_3mini_4.mp4,add some hummus which of course,
10p0_3mini_4.mp4,created these containers,
10p0_3mini_4.mp4,making a comeback they,
10p0_3mini_4.mp4,adding them into recipes like this one,
10p0_3mini_4.mp4,has tons of healthy minerals this,
9p0_3mini_3.mp4,pack your kid 's lunch,
9p0_3mini_3.mp4,put them in your kids lunches you them,
9p0_3mini_3.mp4,dedicate to lunch fights it you,
9p0_3mini_3.mp4,,get creative with ice
9p0_3mini_3.mp4,saves on dishes the other thing,
9p0_3mini_3.mp4,packs you,
9p0_3mini_3.mp4,,sleeping it
9p0_3mini_3.mp4,pack the lunches,
9p0_3mini_3.mp4,store everything in a large plastic storage bin,
9p0_3mini_3.mp4,cutting boards,
9p0_3mini_3.mp4,freeze really well,
9p0_3mini_3.mp4,make ahead surprisingly peanut butter,
9p0_3mini_3.mp4,keep in your kitchen timing now the only time you,
9p0_3mini_3.mp4,make your life a lot easier,
9p0_3mini_3.mp4,making dinner for the kids as everybody dinner very good,
7p1_3mini_1.mp4,stick this right in my recipe binder,
7p1_3mini_1.mp4,find it handy,
7p1_3mini_1.mp4,do it on a dime with Kathryn in today 's video I,
7p1_3mini_1.mp4,linked down below for you,
7p1_3mini_1.mp4,goes gaga for this,
7p1_3mini_1.mp4,share with you my favorite freezer cooking recipes,
7p1_3mini_1.mp4,prepared 16 meals for my family in just two hours I,
7p1_3mini_1.mp4,keep it all organized,
7p1_3mini_1.mp4,making beef barley soup an amazing chicken,
7p1_3mini_1.mp4,make these recipes in bulk,
4p0_3mini_15.mp4,,get me wrong I
4p0_3mini_15.mp4,,doing that day I
4p0_3mini_15.mp4,,starting my day off in everybody else 's laughs in business
4p0_3mini_15.mp4,,create my own morning before I
4p0_3mini_15.mp4,,live my own life for a little bit in the morning
4p0_3mini_15.mp4,,join what everybody else
4p0_3mini_15.mp4,,mean at your life
4p0_3mini_15.mp4,,get what I
4p0_3mini_15.mp4,scrolling through the many social media platforms first thing in the morning I,
4p0_3mini_15.mp4,,filled with what everybody else
4p0_3mini_15.mp4,scrolling through social media first thing in the morning it kind of,
4p0_3mini_15.mp4,,mean I
4p0_3mini_15.mp4,,living my life when I
4p0_3mini_15.mp4,,hope you
4p0_3mini_6.mp4,doing my hair,
4p0_3mini_6.mp4,,improve my mindset
4p0_3mini_6.mp4,take any extra time out of your morning,
4p0_3mini_6.mp4,,ask myself these three questions while I while I
4p0_3mini_6.mp4,,put me in a positive mindset for the day ahead the first question if you
4p0_3mini_6.mp4,,doing my makeup
4p0_3mini_6.mp4,list a whole lot of things,
4p0_3mini_6.mp4,,find that
4p0_3mini_6.mp4,,asking myself these three questions
4p0_3mini_6.mp4,,faced with hard situations sometimes
4p0_3mini_6.mp4,,goes through good
4p0_3mini_6.mp4,,sit down for a minute or two
4p0_3mini_6.mp4,,start with
8p1_3mini_6.mp4,,treat yourself I highly
8p1_3mini_6.mp4,,put a mandarin orange
8p1_3mini_6.mp4,sliced green pepper,
8p1_3mini_6.mp4,,melt the brie on top
8p1_3mini_6.mp4,,get to a microwave or an oven
8p1_3mini_6.mp4,,recommend you
8p1_3mini_6.mp4,,find this near the jams
8p1_3mini_6.mp4,,add some sliced turkey
8p1_3mini_6.mp4,making this sandwich,
8p1_3mini_6.mp4,,help out my channel
8p1_3mini_6.mp4,,share the video to more people
8p1_3mini_6.mp4,add some cranberry chutney,
8p1_3mini_6.mp4,,give this video a thumbs up it
8p1_3mini_6.mp4,use some edamame hummus,
9p0_3mini_6.mp4,,see you guys next time bye guys first day of kindergarten Oh blue shoe Oh Ricky 's
9p0_3mini_6.mp4,,miss her you
9p0_3mini_6.mp4,,got fun no huh yeah you
9p0_3mini_6.mp4,,miss her I
9p0_3mini_6.mp4,,excited yes
4p1_3mini_21.mp4,,turned out now
4p1_3mini_21.mp4,,made for me by my sweet friend Lin who I
4p1_3mini_21.mp4,put on the left side,
4p1_3mini_21.mp4,,got that picture from Burlington
4p1_3mini_21.mp4,,got this
4p1_3mini_21.mp4,,made this
4p1_3mini_21.mp4,,doing the collab with she
4p1_3mini_21.mp4,,moving back into the living room this sign
4p1_3mini_21.mp4,,link her Etsy shop below she
4p1_3mini_21.mp4,,check her Etsy shop out as well she
4p1_3mini_21.mp4,,added a picture frame of our boys
4p1_3mini_21.mp4,,made from Emily from Mama from scratch I
4p1_3mini_21.mp4,,do all my YouTube working
4p1_3mini_21.mp4,,does amazing work
5p1_3mini_4.mp4,,keep my tea hot I
5p1_3mini_4.mp4,,whip up in the morning
5p1_3mini_4.mp4,,find the best honeys
5p1_3mini_4.mp4,,give you more energy
5p1_3mini_4.mp4,,maintain my energy throughout the day
5p1_3mini_4.mp4,,check out your local farmers market
5p1_3mini_4.mp4,,drinking temperature in just about 30 seconds
5p1_3mini_4.mp4,,stays hot
5p1_3mini_4.mp4,,pour a little bit at a time into a little tea cup
5p1_3mini_4.mp4,,drink I
5p1_3mini_4.mp4,,comes to
5p1_3mini_4.mp4,,make something I
5p1_3mini_4.mp4,throw in whatever,
5p1_3mini_4.mp4,,has some good protein from the eggs which for me
4p0_3mini_9.mp4,,stretching for five minutes
4p0_3mini_9.mp4,,wake up before I even
4p0_3mini_9.mp4,,work out first thing in the morning
4p0_3mini_9.mp4,,check it out
4p0_3mini_9.mp4,,doing just a little bit of exercise in the morning
4p0_3mini_9.mp4,,make me
4p0_3mini_9.mp4,,mentioned it before my 16 minute workout
4p0_3mini_9.mp4,,moving in my body
4p0_3mini_9.mp4,,gives me more energy for the day when I
4p0_3mini_9.mp4,,do it first thing when I
4p0_3mini_9.mp4,,helps you
4p0_3mini_9.mp4,,flowing through my body I
4p0_3mini_9.mp4,,get the blood flow
4p0_3mini_9.mp4,,link below for you if you
4p0_3mini_9.mp4,doing some body brushing for five minutes,
6p0_3mini_5.mp4,adding one banana to my blender you,
6p0_3mini_5.mp4,call my classic strawberry,
6p0_3mini_5.mp4,,make a delicious banana or strawberries or blueberries I
6p0_3mini_5.mp4,,make this recipe without Apple or at the Apple on top instead
6p0_3mini_5.mp4,,start by
6p0_3mini_5.mp4,,use another fruits like
6p0_3mini_5.mp4,,nourishing Apple oatmeal breakfast it
6p0_3mini_5.mp4,,giving you some ideas next we
6p0_3mini_5.mp4,use fresh or frozen banana,
6p0_3mini_5.mp4,,make a 3d sweet
6p0_3mini_5.mp4,,adds good cost
6p0_3mini_5.mp4,,make what I
6p0_3mini_3.mp4,,use the trick
6p0_3mini_3.mp4,,makes it really creamy
6p0_3mini_3.mp4,,peel the Apple if you
6p0_3mini_3.mp4,add some natural sweetener if you,
6p0_3mini_3.mp4,chopped up pink lady apples,
6p0_3mini_3.mp4,,help for flavor
6p0_3mini_3.mp4,add a little bit of cinnamon,
4p0_3mini_1.mp4,wake up,
4p0_3mini_1.mp4,,sharing ten healthy morning routine habit ideas with you
4p0_3mini_1.mp4,,incorporate these into your morning when you
4p0_3mini_3.mp4,breathe in fresh air,
4p0_3mini_3.mp4,,get more oxygen in your lungs you
4p0_3mini_3.mp4,,winning at laughs
4p0_3mini_3.mp4,,refreshed it definitely
4p0_3mini_3.mp4,open a window,
4p0_3mini_3.mp4,,do anything
4p0_3mini_3.mp4,,makes me
4p0_3mini_3.mp4,,taking a minute
4p0_3mini_3.mp4,make my bed in the morning,
4p0_3mini_3.mp4,,made my bed I
4p0_3mini_3.mp4,make your bed in the morning,
4p0_3mini_3.mp4,,make you
4p0_3mini_3.mp4,get a little bit of freshener in the morning you or you,
4p0_3mini_3.mp4,,improve your mood the third morning habit it it I
4p1_3mini_13.mp4,,do in here
4p1_3mini_13.mp4,pick up the books,
4p1_3mini_13.mp4,,taken out in here
4p0_3mini_5.mp4,,check them out the next morning
4p0_3mini_5.mp4,,processed foods as much as possible
4p0_3mini_5.mp4,,ask yourself these questions in your mind while you
4p0_3mini_5.mp4,,shown you a bunch of healthy breakfast ideas on this channel
4p0_3mini_5.mp4,,affect your mood
4p0_3mini_5.mp4,,give you
4p0_3mini_5.mp4,,ask yourself
4p0_3mini_5.mp4,,answer them you
4p0_3mini_5.mp4,,eating whole
4p0_3mini_5.mp4,,make I
4p0_3mini_5.mp4,,focus on
4p0_3mini_5.mp4,,link those below in the description box for you if you habit that you
4p0_3mini_5.mp4,eating all three of the food groups for breakfast,
4p0_3mini_5.mp4,,incorporate whole carbs good protein
10p0_3mini_8.mp4,,did three of my go-to breakfast recipes there
10p0_3mini_8.mp4,,hope you guys
10p0_3mini_8.mp4,,watch that video over there
10p0_3mini_8.mp4,,click on August 8th
10p0_3mini_8.mp4,,make chickpea salad sandwich
10p0_3mini_8.mp4,,finding out more information about the containers that
10p0_3mini_8.mp4,,click on her face
10p0_3mini_8.mp4,,featured in this video these
10p0_3mini_8.mp4,,thank you
10p0_3mini_8.mp4,,open design
10p0_3mini_8.mp4,,watch the video I yeah they
10p0_3mini_8.mp4,,making them
10p0_3mini_8.mp4,,has a check-up oh
10p0_3mini_8.mp4,,watching this video I
5p1_3mini_5.mp4,,keeps the unused portion fresh
5p1_3mini_5.mp4,,noticed a big difference in my skin ever since I
5p1_3mini_5.mp4,cook it as a huge difference in the flavor versus just canned beans for the rice if I,
5p1_3mini_5.mp4,adding in,
5p1_3mini_5.mp4,,make this quick frozen rice
5p1_3mini_5.mp4,,prevent a crash in the afternoon which
5p1_3mini_5.mp4,sprinkle of cheese on there,
5p1_3mini_5.mp4,helps with my digestion,
5p1_3mini_5.mp4,,keep my skin clear I
5p1_3mini_5.mp4,start by,
5p1_3mini_5.mp4,use dried beans,
5p1_3mini_5.mp4,add half an avocado for some good healthy fat,
5p1_3mini_5.mp4,soak overnight,
5p1_3mini_5.mp4,store my avocado that I,
9p1_3mini_3.mp4,customize these with,
9p1_3mini_3.mp4,made long ones with,
9p1_3mini_3.mp4,sounds just like a real rain stick,
9p1_3mini_3.mp4,scrunch up some tinfoil it,
9p1_3mini_3.mp4,turns it into an educational,
9p1_3mini_3.mp4,huevos blingle if you,
9p1_3mini_3.mp4,create different sounds this,
9p1_3mini_3.mp4,playing with our rain stick hopefully they,
9p1_3mini_3.mp4,wrapping paper paint or decorative tape alright guys we,
9p1_3mini_3.mp4,entertain younger children you,
9p1_3mini_3.mp4,,accommodate the nails simply
9p1_3mini_3.mp4,use a paper towel holder,
9p1_3mini_3.mp4,making them,
9p1_3mini_3.mp4,play with we also,
8p1_3mini_2.mp4,add shredded carrot,
8p1_3mini_2.mp4,put them in your Tupperware next it,
8p1_3mini_2.mp4,,eat you just all up
8p1_3mini_2.mp4,try them,
8p1_3mini_2.mp4,works best,
8p1_3mini_2.mp4,tell you this off,
8p1_3mini_2.mp4,using powdered peanut butter,
8p1_3mini_2.mp4,cook it yourself,
8p1_3mini_2.mp4,dressing to whatever consistency,
8p1_3mini_2.mp4,mixed with sesame,
8p1_3mini_2.mp4,telling you these,
8p1_3mini_2.mp4,make a quick peanut sauce,
8p1_3mini_2.mp4,assemble it all together onto your lettuce drizzle on your sauce,
8p1_3mini_2.mp4,sliced cucumber,
8p1_3mini_2.mp4,,takes about 15 minutes or
5p1_3mini_6.mp4,obsessed with it,
5p1_3mini_6.mp4,prefer iced tea,
5p1_3mini_6.mp4,blend all of that up,
5p1_3mini_6.mp4,takes it over the top for me with this I since I,
5p1_3mini_6.mp4,,drink it about twenty minutes or
5p1_3mini_6.mp4,has coconut water banana frozen blueberries,
5p1_3mini_6.mp4,make myself a quick smoothie,
5p1_3mini_6.mp4,,frozen strawberries
5p1_3mini_6.mp4,,drink plain water even though that I
5p1_3mini_6.mp4,,drink some iced tea I always
5p1_3mini_6.mp4,,has all of your daily vitamins minerals electrolytes
5p1_3mini_6.mp4,add some cayenne pepper garlic powder,
5p1_3mini_6.mp4,,tastes really good
5p1_3mini_6.mp4,,gives it that added bit of flavor
4p1_3mini_9.mp4,,leave this one obviously
4p1_3mini_9.mp4,,live down in Georgia
4p1_3mini_9.mp4,,get one it actually than it really
4p1_3mini_9.mp4,,clean up all their toys before they
4p1_3mini_9.mp4,,guess what you guys I
4p1_3mini_9.mp4,,got new
4p1_3mini_9.mp4,,looks a little bit worse
4p1_3mini_9.mp4,,link it for you guys if it
4p1_3mini_9.mp4,,doing all the candy
4p1_3mini_9.mp4,,made some some friends when we
4p1_3mini_9.mp4,,throw pillows
4p1_3mini_9.mp4,,made like this for pretty now onto our living room
4p1_3mini_9.mp4,,check facebook
4p1_3mini_9.mp4,,making furniture nowadays
6p0_3mini_7.mp4,use quarter to half a cup of water depending on how thick you like your smoothies the amount I,
6p0_3mini_7.mp4,add a few ice cubes,
6p0_3mini_7.mp4,,go well with strawberry
6p0_3mini_7.mp4,,contains whole carbs good protein
6p0_3mini_7.mp4,,depends on my mood
6p0_3mini_7.mp4,,add generally
6p0_3mini_7.mp4,make yourself a banana strawberry peanut butter smoothie which,
6p0_3mini_7.mp4,making a smoothie,
6p0_3mini_7.mp4,blend it up,
6p0_3mini_7.mp4,adding water,
6p0_3mini_7.mp4,,works with certain flavors of fruit
6p0_3mini_7.mp4,make it,
6p0_3mini_7.mp4,blending my classic strawberry banana smoothie,
6p0_3mini_1.mp4,,go gluten-free maybe you or maybe you that I
6p0_3mini_1.mp4,,go gluten-free
6p0_3mini_1.mp4,,eat for breakfast
6p0_3mini_1.mp4,,eating gluten-free
6p0_3mini_1.mp4,,get into better shape hey guys the seas
6p0_3mini_1.mp4,,change today I three really easy gluten-free show you three really easy gluten-free breakfast
6p0_3mini_1.mp4,show you,
6p0_3mini_1.mp4,show you three healthy breakfast ideas,
6p0_3mini_1.mp4,,hope that you
6p0_3mini_1.mp4,,following a gluten-free diet these
6p0_3mini_1.mp4,,lose weight
6p0_3mini_1.mp4,,eat up suddenly like oh
6p0_3mini_1.mp4,,share 3 gluten free breakfast ideas that
4p1_3mini_14.mp4,use my Dyson,
4p1_3mini_14.mp4,,get a lot of questions about where we
4p1_3mini_14.mp4,,dusted the last thing you
4p1_3mini_14.mp4,,got it from a sale rugs it
4p1_3mini_14.mp4,,take care of
4p1_3mini_14.mp4,,got our rug
4p1_3mini_14.mp4,,went ahead
4p1_3mini_14.mp4,get a lot of questions about what our wood flooring,
4p1_3mini_14.mp4,moved on to our wood flooring,
9p0_3mini_1.mp4,simplifying the lunch packing process I,
9p0_3mini_1.mp4,found really helpful,
9p0_3mini_1.mp4,get a bit overwhelming I,
9p0_3mini_1.mp4,doing that every single day,
9p0_3mini_1.mp4,zip up put things like pretzels,
9p0_3mini_1.mp4,,stick in the kids backpack again washable
9p0_3mini_1.mp4,,wash out they clean love
9p0_3mini_1.mp4,make life with kids easier in the kitchen arm yourself,
9p0_3mini_1.mp4,sized stainless steel containers that,
9p0_3mini_1.mp4,going to real school there she,
9p0_3mini_1.mp4,,goes my kindergartner you
9p0_3mini_1.mp4,,starting with snacks I
9p0_3mini_1.mp4,pack a real lunch,
9p0_3mini_1.mp4,moving on to drinks these stainless steel containers,
4p0_3mini_10.mp4,take a long time,
4p0_3mini_10.mp4,increase energy,
4p0_3mini_10.mp4,applying a moisturizer,
4p0_3mini_10.mp4,,improve your mood
4p0_3mini_10.mp4,,check out muscle skincare routine
4p0_3mini_10.mp4,,release endorphins in the body which it I often just my go-to 3-step skincare routine
4p0_3mini_10.mp4,,filled with chemicals
4p0_3mini_10.mp4,,use the most
4p0_3mini_10.mp4,,stay away from products that
4p0_3mini_10.mp4,help routine habit that you,
4p0_3mini_10.mp4,,improve mental clarity
4p0_3mini_10.mp4,make you in a better mood for the day another healthy morning,
4p0_3mini_10.mp4,using a cleanser,
4p0_3mini_10.mp4,wash my face while I,
2p0_3mini_9.mp4,,cover it well
2p0_3mini_9.mp4,,clean up the kitchen
2p0_3mini_9.mp4,,go shower
2p0_3mini_9.mp4,,going to now since I
2p0_3mini_9.mp4,get the top all brown,
2p0_3mini_9.mp4,,get too Brown on the top
2p0_3mini_9.mp4,,pop it under the broiler
2p0_3mini_9.mp4,,take it to my parents just
2p0_3mini_9.mp4,,got 30 minutes I
2p0_3mini_9.mp4,,get ready instead here it
2p0_3mini_9.mp4,,reheat it
2p0_3mini_9.mp4,,ended up
2p0_3mini_9.mp4,,do then cover it
2p0_3mini_9.mp4,,doing about 33 minutes
1p0_3mini_2.mp4,try right here I,
1p0_3mini_2.mp4,,get them
1p0_3mini_2.mp4,,support as always
1p0_3mini_2.mp4,do this one outside cramps,
1p0_3mini_2.mp4,,relieve any tension or discomfort in my lower abdomen
1p0_3mini_2.mp4,,affect people to different degrees I personally until after I
1p0_3mini_2.mp4,,doing a light
1p0_3mini_2.mp4,,stretch when I
1p0_3mini_2.mp4,,stretch just
1p0_3mini_2.mp4,,go to a boot camp class
1p0_3mini_2.mp4,,getting really bad ones
1p0_3mini_2.mp4,,do an at-home workout I
1p0_3mini_2.mp4,stretching routine ozzie,
10p1_3mini_7.mp4,,give it to you for free they
10p1_3mini_7.mp4,,charge you
10p1_3mini_7.mp4,going to you,
10p1_3mini_7.mp4,,put a couple in your purse
10p1_3mini_7.mp4,ask for a cup of hot water,
10p1_3mini_7.mp4,,avoid these
10p1_3mini_7.mp4,,do even if you you
10p1_3mini_7.mp4,put one of these in normally they,
10p1_3mini_7.mp4,,going under 13 % you
10p1_3mini_7.mp4,,satisfying when you
10p1_3mini_7.mp4,make sure you,
10p1_3mini_7.mp4,,find this
5p1_3mini_3.mp4,froth up about two ounces of milk I,
5p1_3mini_3.mp4,,received a custom
5p1_3mini_3.mp4,infused honey I,
5p1_3mini_3.mp4,add a little bit of vanilla,
5p1_3mini_3.mp4,get this Honey from my local farmers market,
5p1_3mini_3.mp4,,has the most incredible peach flavor to it
5p1_3mini_3.mp4,combine the tea with the warm froth milk,
5p1_3mini_3.mp4,brews your tea for you depending on the type of tea,
5p1_3mini_3.mp4,brew off my tea,
5p1_3mini_3.mp4,recommend you guys,
5p1_3mini_3.mp4,,received this as a gift a while ago
5p1_3mini_3.mp4,,start I
5p1_3mini_3.mp4,,has little bits of almond cinnamon
5p1_3mini_3.mp4,making a tea latte actually,
2p0_3mini_4.mp4,use it on eggs,
2p0_3mini_4.mp4,,tastes I always
2p0_3mini_4.mp4,gives it an eggy flavor off,
2p0_3mini_4.mp4,making this recipe right now,
2p0_3mini_4.mp4,,find that it
2p0_3mini_4.mp4,,add this to my tofu especially when I
2p0_3mini_4.mp4,,do a tofu scramble
2p0_3mini_4.mp4,suggested that you,
2p0_3mini_4.mp4,give it a yellowy color,
2p0_3mini_4.mp4,got my coffee which I,
2p0_3mini_4.mp4,,has just like it
2p0_3mini_4.mp4,,done with another reason why
6p1_3mini_3.mp4,using the QV intensive super dry skin body,
6p1_3mini_3.mp4,,complain it
6p1_3mini_3.mp4,wash my face,
6p1_3mini_3.mp4,,do everything
6p1_3mini_3.mp4,cleanser it,
6p1_3mini_3.mp4,enjoys brushing their teeth in the shower I,
6p1_3mini_3.mp4,wasting water,
6p1_3mini_3.mp4,get on with my admin work then,
6p1_3mini_3.mp4,use it on my face,
6p1_3mini_3.mp4,,obsessed with avocado on top of these rive a de biscuit thingies with feta salt
6p1_3mini_3.mp4,sit down at my computer,
6p1_3mini_3.mp4,,washing my hair
6p1_3mini_3.mp4,do all of my emails,
6p1_3mini_3.mp4,,tell me I
5p0_3mini_3.mp4,eat my breakfast okay then it,
5p0_3mini_3.mp4,chopped that up,
5p0_3mini_3.mp4,,sit at the counter
5p0_3mini_3.mp4,get my coffee ready I usually,
5p0_3mini_3.mp4,added some almond milk to my travel mug,
5p0_3mini_3.mp4,,watch YouTube video
5p0_3mini_3.mp4,topped it with some coffee,
5p0_3mini_3.mp4,put that in there,
5p0_3mini_3.mp4,drink my coffee in the car on the way,
5p0_3mini_3.mp4,,read something while I
5p0_3mini_3.mp4,top it with some extra cinnamon which you,
5p0_3mini_3.mp4,,saw some almond butter
5p0_3mini_3.mp4,,fill me up on this day
10p1_3mini_5.mp4,sprinkle them on for an added,
10p1_3mini_5.mp4,,added crunch to my oatmeal
10p1_3mini_5.mp4,,running out the door you
10p1_3mini_5.mp4,,add that to oatmeal if you
10p1_3mini_5.mp4,,got mine actually on sale for
10p1_3mini_5.mp4,,make anything I
10p1_3mini_5.mp4,seen you sometimes,
10p1_3mini_5.mp4,,got your sweet
10p1_3mini_5.mp4,,get the slivered ones sometimes I just kind of crush these up
10p1_3mini_5.mp4,,add a little bit of almond milk or cinnamon that
10p1_3mini_5.mp4,,buck 99 each
10p1_3mini_5.mp4,,pick them up at health food stores
8p1_3mini_3.mp4,add shredded carrot,
8p1_3mini_3.mp4,,makes this really good
8p1_3mini_3.mp4,chopped up gala apple,
8p1_3mini_3.mp4,,dressing I
8p1_3mini_3.mp4,cooked chicken on top as well,
8p1_3mini_3.mp4,,found that
8p1_3mini_3.mp4,,find something similar at a specialty store
8p1_3mini_3.mp4,using this as a dressing,
8p1_3mini_3.mp4,making a salad taste amazing,
8p1_3mini_3.mp4,,found that Gala apples in particular
8p1_3mini_3.mp4,,do you
8p1_3mini_3.mp4,adds that sweetness,
8p1_3mini_3.mp4,,wraps you
8p1_3mini_3.mp4,,make what
8p1_3mini_3.mp4,add some,
8p1_3mini_3.mp4,buy it pre-shredded,
4p0_3mini_2.mp4,,started that habit for the day what else I
4p0_3mini_2.mp4,,makes it
4p0_3mini_2.mp4,,keep some brewed mint green tea in the fridge that I
4p0_3mini_2.mp4,,heading out for the day then
4p0_3mini_2.mp4,,made plain with water
4p0_3mini_2.mp4,,make into a ski it
4p0_3mini_2.mp4,keep drinking water throughout the morning throughout the time that I,
4p0_3mini_2.mp4,drink plain herbal tea like rooibos tea or green mint tea just plain,
4p0_3mini_2.mp4,,getting ready
4p0_3mini_2.mp4,,eating breakfast
4p0_3mini_2.mp4,,do sometimes if I
4p0_3mini_2.mp4,,keep up
4p0_3mini_2.mp4,,doing my work hard
4p0_3mini_2.mp4,,do anything else like
4p1_3mini_7.mp4,,get two different cloths they
4p1_3mini_7.mp4,,got a coupon for you guys
4p1_3mini_7.mp4,,started fun
4p1_3mini_7.mp4,,get two for one
4p1_3mini_7.mp4,,get 10 % off your order of 20 or more on anything that in between the lines underneath you
4p1_3mini_7.mp4,,check them out if you
4p1_3mini_7.mp4,cleans our stainless steel better or easier it,
4p1_3mini_7.mp4,,go ahead
4p1_3mini_7.mp4,,reached out to them
4p1_3mini_7.mp4,,use my code
6p1_3mini_5.mp4,,tangle Pro
6p1_3mini_5.mp4,,apply this all over my face another one of my current phase
6p1_3mini_5.mp4,make my bed,
6p1_3mini_5.mp4,,go ahead
6p1_3mini_5.mp4,,damage it any further then I
6p1_3mini_5.mp4,,using these routine
6p1_3mini_5.mp4,hairbrush it,
6p1_3mini_5.mp4,,using my outer stars
6p1_3mini_5.mp4,,do you guys
6p1_3mini_5.mp4,thrown in a few little clips of makeup,
6p1_3mini_5.mp4,,see a full proper everyday makeup
6p1_3mini_5.mp4,,called exactly
6p1_3mini_5.mp4,clean up my bed,
6p1_3mini_5.mp4,,jump up
8p1_3mini_7.mp4,,done in the past
8p1_3mini_7.mp4,,dressing I like it that
8p1_3mini_7.mp4,,see you guys next week with a new video bye maybe by
8p1_3mini_7.mp4,,substitute the spinach for pork ribs
8p1_3mini_7.mp4,,linked in the description box
8p1_3mini_7.mp4,,did you
8p1_3mini_7.mp4,,has spinach apple carrot
8p1_3mini_7.mp4,,making a salad right now
8p1_3mini_7.mp4,,sounds good except no apple no carrot
8p1_3mini_7.mp4,,check there
6p0_3mini_10.mp4,make this omelet for an easy lunch or dinner on a busy day,
6p0_3mini_10.mp4,spread out over half of the omelette,
6p0_3mini_10.mp4,serve it with 1/3 of an avocado for some healthy fat the eggs,
6p0_3mini_10.mp4,,got my two mono mushroom mix that I
6p0_3mini_10.mp4,,use baby spinach instead of arugula if you
6p0_3mini_10.mp4,sprinkled a little bit of sea salt,
6p0_3mini_10.mp4,,make these three breakfast recipes
6p0_3mini_10.mp4,,goes perfectly with this motor
6p0_3mini_10.mp4,add some healthy greens the flavor of the arguer,
6p0_3mini_10.mp4,fold on it over,
6p0_3mini_10.mp4,,finishes the meal off really nicely
9p0_3mini_4.mp4,,do if you
9p0_3mini_4.mp4,,get your kids
9p0_3mini_4.mp4,,involved this
9p0_3mini_4.mp4,using a traditional ice pack,
9p0_3mini_4.mp4,,use things like frozen foods
9p0_3mini_4.mp4,,eat the same sandwich every day at school that
9p0_3mini_4.mp4,,defrosted smoothie
9p0_3mini_4.mp4,freeze a smoothie if I,
9p0_3mini_4.mp4,give her a lunchbox,
9p0_3mini_4.mp4,,give your child a sense of control over what they
9p0_3mini_4.mp4,,throw it
9p0_3mini_4.mp4,tape it to the inside of your child 's lunchbox,
9p0_3mini_4.mp4,,giving them choice
9p0_3mini_4.mp4,,filled with all new
8p1_3mini_5.mp4,include it,
8p1_3mini_5.mp4,add some pomegranate seeds,
8p1_3mini_5.mp4,,eat it throughout the entire week
8p1_3mini_5.mp4,dressing on top,
8p1_3mini_5.mp4,chopped green bell pepper red onion cucumbers,
8p1_3mini_5.mp4,,start with some bread ciabatta
8p1_3mini_5.mp4,,eat I just
8p1_3mini_5.mp4,add some hard-boiled eggs just for added protein to this dish,
8p1_3mini_5.mp4,,taste quite as good
8p1_3mini_5.mp4,,make a big batch of this in advance
8p1_3mini_5.mp4,,buy precooked hard-boiled eggs they
8p1_3mini_5.mp4,drizzle some Italian,
5p0_3mini_4.mp4,,went for something really quick
5p0_3mini_4.mp4,tastes delicious,
5p0_3mini_4.mp4,,go on my two mile walk
5p0_3mini_4.mp4,,get home from work
5p0_3mini_4.mp4,,run with the dog
5p0_3mini_4.mp4,,last until 12 pm before i
5p0_3mini_4.mp4,,brought some leftover cauliflower rice
5p0_3mini_4.mp4,make dinner,
5p0_3mini_4.mp4,got my lunch together,
5p0_3mini_4.mp4,topped it on top of some arugula with a little spoonful of avocado,
5p0_3mini_4.mp4,,get home i
2p0_3mini_6.mp4,,chopped up in one clove of garlic
2p0_3mini_6.mp4,,chopped broccoli
2p0_3mini_6.mp4,,looks amazing
2p0_3mini_6.mp4,,use frozen broccoli as a shortcut to leeks
2p0_3mini_6.mp4,,refine kind I
2p0_3mini_6.mp4,,use this kind when I
2p0_3mini_6.mp4,,took the potato crust out of the oven it definitely
2p0_3mini_6.mp4,,went ahead
2p0_3mini_6.mp4,,added a little bit of salt
2p0_3mini_6.mp4,,take as long as the recipe
2p0_3mini_6.mp4,sauteing it all in some coconut oil I,
2p0_3mini_6.mp4,took it out,
2p0_3mini_6.mp4,,get crispy
6p0_3mini_8.mp4,use another good cooking oil then,
6p0_3mini_8.mp4,,make pretty much anything tastes good pretty much any savory food
6p0_3mini_8.mp4,adding 1/2 to 1 teaspoon of macadamia nut oil to my frying pan you I,
6p0_3mini_8.mp4,,make the
6p0_3mini_8.mp4,add one cup of 1/2 baby tomatoes,
6p0_3mini_8.mp4,,show you how easy it
6p0_3mini_8.mp4,,start by
6p0_3mini_8.mp4,,call my easy omelette it
6p0_3mini_8.mp4,show you today,
6p0_3mini_8.mp4,,booting free breakfast that I
6p0_3mini_8.mp4,,filling I
6p0_3mini_8.mp4,,pop that around on the stove over medium heat for a few minutes I
6p0_3mini_8.mp4,,add a little squeeze of fresh lemon juice
10p1_3mini_2.mp4,add a bit of honey,
10p1_3mini_2.mp4,,likes a more savory breakfast we
10p1_3mini_2.mp4,,add my own sweetness I I whatever you like I just
10p1_3mini_2.mp4,,has the protein they
10p1_3mini_2.mp4,,keep you full until lunch
10p1_3mini_2.mp4,,use paducah honey anything you
10p1_3mini_2.mp4,,do one
10p1_3mini_2.mp4,,use sweeteners like stevia or agave nectar
10p1_3mini_2.mp4,,do a three-egg omelet if your
10p1_3mini_2.mp4,,waste the eggs if American easy Oaks
10p1_3mini_2.mp4,,buy cartons of egg white
10p1_3mini_2.mp4,hanging with my Greek yogurt banana,
10p1_3mini_2.mp4,,use any kind you
4p1_3mini_12.mp4,,leaves it
4p1_3mini_12.mp4,,clean perfectly
4p1_3mini_12.mp4,,leaves no streaks
4p1_3mini_12.mp4,,using the e clock all-purpose cloth I
4p1_3mini_12.mp4,,talked me out of love
4p1_3mini_12.mp4,,coming right off
4p1_3mini_12.mp4,,depending on how busy our weakest I
4p1_3mini_12.mp4,wipe it down,
4p1_3mini_12.mp4,,growing up
4p1_3mini_12.mp4,,go ahead
4p1_3mini_12.mp4,take a dry cloth as well,
5p0_3mini_2.mp4,look gross,
5p0_3mini_2.mp4,,gotten already
5p0_3mini_2.mp4,taste amazing,
5p0_3mini_2.mp4,talked about it in my healthy breakfast video,
5p0_3mini_2.mp4,starving after I,
5p0_3mini_2.mp4,get the green color,
5p0_3mini_2.mp4,make breakfast,
5p0_3mini_2.mp4,,taste it at all all you
5p0_3mini_2.mp4,move on,
5p0_3mini_2.mp4,get my greens for the day,
5p0_3mini_2.mp4,,fooled I
5p0_3mini_2.mp4,,drink that
5p0_3mini_2.mp4,head to the kitchen,
5p0_3mini_2.mp4,jumpstart my hydration for the morning I,
1p0_3mini_1.mp4,doing tips,
1p0_3mini_1.mp4,make from a great herbal shop I,
1p0_3mini_1.mp4,,follow my blog I recently
1p0_3mini_1.mp4,,starting with the first thing Kerbal tea I
1p0_3mini_1.mp4,,do around that time of the month
1p0_3mini_1.mp4,do custom blends as well if I,
1p0_3mini_1.mp4,visit in the San Fernando Valley,
1p0_3mini_1.mp4,,shared that
1p0_3mini_1.mp4,,find something from the store the next thing
1p0_3mini_1.mp4,blend that I,
1p0_3mini_1.mp4,,stretching routine I
9p1_3mini_2.mp4,continue this process all the way down the length of your stick our nails,
9p1_3mini_2.mp4,,add our rain I
9p1_3mini_2.mp4,,rotate your stick a quarter of a turn place
9p1_3mini_2.mp4,,look like this my nails
9p1_3mini_2.mp4,take your tube,
9p1_3mini_2.mp4,,wrapping paper now for the fun part we
9p1_3mini_2.mp4,blend of black eyed peas brown rice,
9p1_3mini_2.mp4,,sprinkles then just
9p1_3mini_2.mp4,,create a clean edge
9p1_3mini_2.mp4,,done all we
9p1_3mini_2.mp4,,cover the outside
9p1_3mini_2.mp4,,take them out you
9p1_3mini_2.mp4,,turned out
9p1_3mini_2.mp4,,worried about little ones
3p1_3mini_4.mp4,has lots of yellow in it,
3p1_3mini_4.mp4,,gotten them before
3p1_3mini_4.mp4,,wash a body lotion
3p1_3mini_4.mp4,,come in a yellow package
3p1_3mini_4.mp4,getting like cards from the Dollar Tree,
3p1_3mini_4.mp4,,has a little loofah the last thing I
3p1_3mini_4.mp4,,has a little body
3p1_3mini_4.mp4,found from the Dollar Tree,
3p1_3mini_4.mp4,get this at the Dollar Tree this time,
3p1_3mini_4.mp4,put a card in there right a sweet little note,
3p1_3mini_4.mp4,,decided I
3p1_3mini_4.mp4,,add that to her package as well the things that I
3p1_3mini_4.mp4,,go along with that it
3p1_3mini_4.mp4,,found from Target where these Oreos they
10p0_3mini_2.mp4,,hate it
10p0_3mini_2.mp4,chopped red onion,
10p0_3mini_2.mp4,add in your cumin which I,
10p0_3mini_2.mp4,throw on the lid,
10p0_3mini_2.mp4,,make sure it
10p0_3mini_2.mp4,,mean Olga definitely
10p0_3mini_2.mp4,,start by
10p0_3mini_2.mp4,adding the red onion cilantro the spinach garlic my jalapeno pepper spices lemon juice,
10p0_3mini_2.mp4,throw in the rest of your ingredients,
10p0_3mini_2.mp4,throwing your tomatoes into a medium size food processor this,
10p0_3mini_2.mp4,,listed over my blog health nut nutrition CA
10p0_3mini_1.mp4,,make kala Hama salad
10p0_3mini_1.mp4,,has an amazing YouTube channel here on YouTube
10p0_3mini_1.mp4,,called Feb lunch I
10p0_3mini_1.mp4,,watch hers after you
10p0_3mini_1.mp4,,making these delicious lunch recipes
10p0_3mini_1.mp4,,watch this one
10p0_3mini_1.mp4,,do you
10p0_3mini_1.mp4,,start with spicy salsa soup
10p0_3mini_1.mp4,,finish it with a creamy mashed chickpeas sandwiches they
10p0_3mini_1.mp4,,do it
10p0_3mini_1.mp4,,sharing my top 3 go-to breakfast recipes
10p0_3mini_1.mp4,,tell me on in slope value my channel
10p0_3mini_1.mp4,,sharing her top three really easy lunch recipes that that when you just
10p0_3mini_1.mp4,,filmed another video on August Channel where I
4p1_3mini_1.mp4,,coming over from Lynn 's channel welcome I
4p1_3mini_1.mp4,,check her out she
4p1_3mini_1.mp4,,watching mine
4p1_3mini_1.mp4,,redecorating a little bit for summer
4p1_3mini_1.mp4,,share that with you guys in this video here on YouTube
4p1_3mini_1.mp4,,has a lot of like mommy lifestyle videos
4p1_3mini_1.mp4,,cleaning videos
4p1_3mini_1.mp4,,decorating for summer as well
4p1_3mini_1.mp4,,do tons of cleaning videos cooking grocery
4p1_3mini_1.mp4,,check her video out after you
4p1_3mini_1.mp4,,link her channel for you guys definitely as I
4p1_3mini_1.mp4,,hauls just anything mommy lifestyle it
4p1_3mini_1.mp4,,has a lot of the similar content
4p1_3mini_1.mp4,,cleaning the main living areas of my house
6p1_3mini_6.mp4,,hope you guys
6p1_3mini_6.mp4,,did a DIY on all this sort of full theme to decor
6p1_3mini_6.mp4,,check out my last video down the bottom
6p1_3mini_6.mp4,,see you guys in my next video bye
6p1_3mini_6.mp4,,leave a link to that video in the description
6p1_3mini_6.mp4,,loving the decor I
8p0_3mini_2.mp4,,got a big tub or a bad
8p0_3mini_2.mp4,,recommend this one we
8p0_3mini_2.mp4,using it,
8p0_3mini_2.mp4,,loving it something
8p0_3mini_2.mp4,put product right on it,
8p0_3mini_2.mp4,,talk about
8p0_3mini_2.mp4,stick them right on,
8p0_3mini_2.mp4,,excited of how much I
8p0_3mini_2.mp4,,found on sale a scrub brush except it
8p0_3mini_2.mp4,got a big jacuzzi tub or the floors of your shower,
8p0_3mini_2.mp4,,put a link below now we if you
8p0_3mini_2.mp4,,cleaning tiles
8p0_3mini_2.mp4,used this product I,
8p0_3mini_2.mp4,pick up all that stuff really fast better than a broom cheaper than a vacuum,
4p1_3mini_10.mp4,,use a glass cleaner
4p1_3mini_10.mp4,cleaned up it,
4p1_3mini_10.mp4,,using that
4p1_3mini_10.mp4,,scrubbing it down with a cloth
4p1_3mini_10.mp4,vacuum my couch,
4p1_3mini_10.mp4,,save yourself a little bit of elbow grease it
4p1_3mini_10.mp4,,keep it
4p1_3mini_10.mp4,,looking really nice our couch
4p1_3mini_10.mp4,,shared on her instance
4p1_3mini_10.mp4,,wipe it down with a rag it
4p1_3mini_10.mp4,,getting retired then I just
4p1_3mini_10.mp4,,works perfectly
4p1_3mini_10.mp4,,found out for my friend Maddie here on YouTube her channel
4p1_3mini_10.mp4,tried it out this time,
4p1_3mini_10.mp4,,doing it like that forever
6p0_3mini_6.mp4,adding half a cup of sliced strawberries,
6p0_3mini_6.mp4,,works instead of the yogurt just in case you you I
6p0_3mini_6.mp4,,using at least liniments it really
6p0_3mini_6.mp4,,has quite a strong taste
6p0_3mini_6.mp4,,use avocado then
6p0_3mini_6.mp4,use mixed berries if you,
6p0_3mini_6.mp4,,using Kashi Nevada this
6p0_3mini_6.mp4,use plain full cream regular yogurt if you or another yogurt of your choice,
6p0_3mini_6.mp4,,serve it only
6p0_3mini_6.mp4,throwing in a pinch of ground vanilla powder,
6p0_3mini_6.mp4,,work really nicely next
6p0_3mini_6.mp4,use vanilla extract instead of the powder these,
6p0_3mini_6.mp4,,makes the flavors
6p0_3mini_6.mp4,,use another nut butter like almond butter peanut butter
6p0_3mini_9.mp4,crack two eggs into a bowl,
6p0_3mini_9.mp4,,letting the second side cook for another minute or two
6p0_3mini_9.mp4,,read it around a little bit
6p0_3mini_9.mp4,pull the eggs into the pan,
6p0_3mini_9.mp4,,sit on it on my pate
6p0_3mini_9.mp4,whip them up with a fork you that a folks,
6p0_3mini_9.mp4,filling aside in a bowl,
6p0_3mini_9.mp4,adding another half to 1 teaspoon of macadamia nut oil to my pan again,
6p0_3mini_9.mp4,,does the job too I
6p0_3mini_9.mp4,,given my pan a quick rinse
6p0_3mini_9.mp4,,flipping it with my spatula
6p0_3mini_9.mp4,,put the
6p0_3mini_9.mp4,,make the Omniture okay this pot
6p0_3mini_9.mp4,,get ready
1p0_3mini_10.mp4,,watching I
1p0_3mini_10.mp4,,gave you some ideas
1p0_3mini_10.mp4,,lift your spirit
1p0_3mini_10.mp4,,make you
1p0_3mini_10.mp4,,see you guys very soon in the next video you
1p0_3mini_10.mp4,,hope that this video
4p1_3mini_8.mp4,wipe down,
4p1_3mini_8.mp4,,do a quick
4p1_3mini_8.mp4,,post there
4p1_3mini_8.mp4,,moving on to my table I just I
4p1_3mini_8.mp4,,give their cast from pillar
4p1_3mini_8.mp4,,walk away from me I I
4p1_3mini_8.mp4,,denying I
4p1_3mini_4.mp4,,checked them out they
4p1_3mini_4.mp4,,baking soda cream cleaner
4p1_3mini_4.mp4,,slip today I
4p1_3mini_4.mp4,,do this at least once a week now I
4p1_3mini_4.mp4,,get most of my cleaning products from rogue collaborative
4p1_3mini_4.mp4,adding in some essential oil to my sink,
4p1_3mini_4.mp4,using dish Meyers,
4p1_3mini_4.mp4,,do guys in the description box that several free goodies
4p1_3mini_4.mp4,,check that out if you
4p1_3mini_4.mp4,,give you it
4p1_3mini_4.mp4,,make it nice
4p1_3mini_4.mp4,,seen this one at the store
4p1_3mini_4.mp4,,use my mrs
1p0_3mini_7.mp4,chopped kale in once like about 15 minutes before you,
1p0_3mini_7.mp4,stick it in a crock pot I,
1p0_3mini_7.mp4,added some rosemary from the garden we,
1p0_3mini_7.mp4,done by dinner,
1p0_3mini_7.mp4,put it I,
1p0_3mini_7.mp4,keep it mild,
1p0_3mini_7.mp4,adding the,
1p0_3mini_7.mp4,,recommend plus even if it or you off it
1p0_3mini_7.mp4,go by dinner,
1p0_3mini_7.mp4,add spice to mine after the fact,
1p0_3mini_7.mp4,kept it on,
1p0_3mini_7.mp4,using it in everything,
1p0_3mini_7.mp4,has lots of great ingredients,
1p0_3mini_9.mp4,,looking into them
1p0_3mini_9.mp4,find this at Pacific time comm time,
1p0_3mini_9.mp4,,talking a lot more about CBD
1p0_3mini_9.mp4,completes this video,
1p0_3mini_9.mp4,carrying tons of different things,
1p0_3mini_9.mp4,launching at the end of this month if you,
1p0_3mini_9.mp4,,recommend for pain
1p0_3mini_9.mp4,recommend that I,
1p0_3mini_9.mp4,spelt like the herb you,
1p0_3mini_9.mp4,sign up for a newsletter,
1p0_3mini_9.mp4,share my thoughts,
1p0_3mini_9.mp4,looking into CBD products CBD bath bombs I,
1p0_3mini_9.mp4,,find us on Instagram at Pacific time we
1p0_3mini_9.mp4,launch new products,
10p0_3mini_9.mp4,created and they perfect,
10p0_3mini_9.mp4,see you guys in our next videos,
10p0_3mini_9.mp4,find out why they,
10p0_3mini_9.mp4,filming with you,
10p0_3mini_9.mp4,thank you so much,
10p0_3mini_9.mp4,yeah so,
10p0_3mini_9.mp4,receive 10 % off,
10p0_3mini_9.mp4,check out her channel,
10p0_3mini_9.mp4,bring to lunch,
10p0_3mini_9.mp4,use the coupon code health that you,
2p0_3mini_7.mp4,smell incredible I,
2p0_3mini_7.mp4,add it,
2p0_3mini_7.mp4,add the tofu mixture to the veggies,
2p0_3mini_7.mp4,called for in the recipe,
2p0_3mini_7.mp4,do a couple of grains,
4p1_3mini_22.mp4,leave me a comment down below,
4p1_3mini_22.mp4,hope you guys,
4p1_3mini_22.mp4,do this,
4p1_3mini_22.mp4,find online,
4p1_3mini_22.mp4,get a little bit of inspiration for how you guys,
4p1_3mini_22.mp4,decorate your homes for summer if you,
4p1_3mini_22.mp4,show her some love,
4p1_3mini_22.mp4,share it with you guys,
4p1_3mini_22.mp4,,head over to Lynn channel she
4p1_3mini_22.mp4,spend our time in,
4p1_3mini_22.mp4,,got definitely
4p1_3mini_22.mp4,decorating our space for the seasons,
4p1_3mini_22.mp4,tell her I,
4p1_3mini_22.mp4,brighten up the space for summer I really,
4p1_3mini_20.mp4,did to my desk they,
4p1_3mini_20.mp4,,got from Hobby Lobby
4p1_3mini_20.mp4,,put our letter board there
4p1_3mini_20.mp4,get a lot more plants in here whether they,
4p1_3mini_20.mp4,,add a candle next to that
4p1_3mini_20.mp4,added some greenery into them that I,
4p1_3mini_20.mp4,,turned out for my desk I just
4p1_3mini_20.mp4,add a mirror into here,
4p1_3mini_20.mp4,,got IKEA several months ago
4p1_3mini_20.mp4,,loving it
4p1_3mini_20.mp4,,change out the picture that
4p1_3mini_20.mp4,,got this from Burlington for like 12 if you guys
4p1_3mini_20.mp4,,add a little picture that I
4p1_3mini_20.mp4,add a plant into the corner of the office I,
8p0_3mini_3.mp4,refresh your bathroom it,
8p0_3mini_3.mp4,date your bathroom at the hardware store you,
8p0_3mini_3.mp4,,look like you newly
8p0_3mini_3.mp4,do it super carefully,
8p0_3mini_3.mp4,,get really
8p0_3mini_3.mp4,,wipe away any excess once it or you
8p0_3mini_3.mp4,,helps you it the grout you
8p0_3mini_3.mp4,run it along,
8p0_3mini_3.mp4,retiled even though it,
8p0_3mini_3.mp4,consider for tile floors,
8p0_3mini_3.mp4,take off any excess this,
8p0_3mini_3.mp4,stained maybe,
8p0_3mini_3.mp4,make it,
8p0_3mini_3.mp4,use a little wooden stick,
4p1_3mini_3.mp4,get any dishes in our sink into our then once everything,
4p1_3mini_3.mp4,see now I,
4p0_3mini_12.mp4,doing something for yourself each morning or something for yourself each day,
4p0_3mini_12.mp4,getting ready in the morning,
4p0_3mini_12.mp4,doing something for yourself,
4p0_3mini_12.mp4,,behaving better towards other people around you
4p0_3mini_12.mp4,go a long way you,
4p0_3mini_12.mp4,end up,
4p0_3mini_12.mp4,making a small effort with your outfit it in yourself confident in your body,
4p0_3mini_12.mp4,making a little effort with your hair,
4p0_3mini_12.mp4,do something for you,
4p0_3mini_12.mp4,making you,
4p0_3mini_12.mp4,fixing your hair a little bit,
4p0_3mini_12.mp4,mentioned those,
4p0_3mini_12.mp4,spend hours,
4p0_3mini_12.mp4,go a long way in,
4p0_3mini_13.mp4,look after yourself,
4p0_3mini_13.mp4,using the samsara app,
4p0_3mini_13.mp4,doing something for you that I,
4p0_3mini_13.mp4,burning yourself out it,
4p0_3mini_13.mp4,help yourself by,
4p0_3mini_13.mp4,meditating there,
4p0_3mini_13.mp4,see if you,
4p0_3mini_13.mp4,taking time for yourself it,
4p0_3mini_13.mp4,get ready in the morning,
4p0_3mini_13.mp4,,take a few minutes each day
4p0_3mini_13.mp4,doing this other ideas for,
4p0_3mini_13.mp4,spend three to five minutes,
4p0_3mini_13.mp4,,look after
4p0_3mini_13.mp4,looking after other people,
5p0_3mini_6.mp4,mix that all together I,
5p0_3mini_6.mp4,sprinkled some more cheese,
5p0_3mini_6.mp4,give it a good crust on top i,
5p0_3mini_6.mp4,tastes pretty good,
5p0_3mini_6.mp4,got a little hungry,
5p0_3mini_6.mp4,eat just cubes of baked tofu,
5p0_3mini_6.mp4,put it in for 20 minutes next I,
5p0_3mini_6.mp4,make it a little fuzzier,
5p0_3mini_6.mp4,adding a little bit more tomato sauce just,
5p0_3mini_6.mp4,,take with me for lunch
5p0_3mini_6.mp4,,judge it
5p0_3mini_6.mp4,sprinkled some more cheese i,
5p0_3mini_6.mp4,added some arugula just for some more green color,
5p0_3mini_6.mp4,added more tomato basil sauce,
8p0_3mini_4.mp4,got a deck or a back patio floor this for,
8p0_3mini_4.mp4,,look clean I it
8p0_3mini_4.mp4,,get through this video without
8p0_3mini_4.mp4,,talking about my power washer if you
8p0_3mini_4.mp4,,cleaning you we all the time I you
8p0_3mini_4.mp4,replace their rug,
8p0_3mini_4.mp4,use power washers,
8p0_3mini_4.mp4,put a link down below to the most inexpensive best power washer,
8p0_3mini_4.mp4,,get Applause
8p0_3mini_4.mp4,,loan ours out
8p0_3mini_4.mp4,,looks brand new this
8p0_3mini_4.mp4,,get like the dirt
8p0_3mini_4.mp4,,rent these for inexpensive
10p0_3mini_3.mp4,check it with a spatula,
10p0_3mini_3.mp4,,hydrating for the skin
10p0_3mini_3.mp4,,chopped cucumber which
10p0_3mini_3.mp4,,stop it
10p0_3mini_3.mp4,chopped tomato cucumber,
10p0_3mini_3.mp4,,add on your
10p0_3mini_3.mp4,see that,
10p0_3mini_3.mp4,,process a little bit more just to kind of
10p0_3mini_3.mp4,adding on our,
10p0_3mini_3.mp4,,got just that
10p1_3mini_6.mp4,eat a lot of nuts,
10p1_3mini_6.mp4,,eating out of the bowl of nuts
10p1_3mini_6.mp4,tried it the other day,
10p1_3mini_6.mp4,,collect spirit just
10p1_3mini_6.mp4,,went back
10p1_3mini_6.mp4,,sweetened um this one only
10p1_3mini_6.mp4,lightened slightly,
10p1_3mini_6.mp4,has four grams of sugar,
10p1_3mini_6.mp4,,take this one here
10p1_3mini_6.mp4,talking about the prepackaged oatmeal,
10p1_3mini_6.mp4,whack of options this,
10p1_3mini_6.mp4,,dried cranberries whole
10p1_3mini_6.mp4,,look for ones that
10p1_3mini_6.mp4,get all your nuts,
7p1_3mini_3.mp4,cooking up here,
7p1_3mini_3.mp4,stuff all of my tortilla shells,
7p1_3mini_3.mp4,makes it,
7p1_3mini_3.mp4,frying up these vegetables,
7p1_3mini_3.mp4,add the chicken,
7p1_3mini_3.mp4,add your veggies a few canned ingredients your barley,
7p1_3mini_3.mp4,freezes so well once everything 's ready I,
7p1_3mini_3.mp4,find it really helpful,
7p1_3mini_3.mp4,cover with aluminum foil right my directions on top,
7p1_3mini_3.mp4,,take it from the freezer to my oven my keen
7p1_3mini_3.mp4,done while those,
7p1_3mini_3.mp4,cool for a time,
7p1_3mini_3.mp4,add my onions beans enchilada sauce,
7p1_3mini_3.mp4,found on Pinterest I,
4p1_3mini_19.mp4,add those on to the tree,
4p1_3mini_19.mp4,added this lavender,
4p1_3mini_19.mp4,give a little bit more height to my diffuser I just,
4p1_3mini_19.mp4,made a little cake stand,
4p1_3mini_19.mp4,decorate with me,
4p1_3mini_19.mp4,get something good diffusing in the diffuser,
4p1_3mini_19.mp4,,moving into my office I just
4p1_3mini_19.mp4,,glued them together
4p1_3mini_19.mp4,,got this face from Ikea a long time ago
4p1_3mini_19.mp4,,took a Dollar Tree candle votive
4p1_3mini_19.mp4,,works perfectly
4p1_3mini_19.mp4,,believe this
4p1_3mini_19.mp4,,get the entire feeling of it
4p1_3mini_19.mp4,diffusing a summer,
10p1_3mini_8.mp4,see here you,
10p1_3mini_8.mp4,adding these two alone,
10p1_3mini_8.mp4,get a sweetened almond milk,
10p1_3mini_8.mp4,got some almond breeze on milk this one here 's chocolate you,
10p1_3mini_8.mp4,get you,
10p1_3mini_8.mp4,,sweeten the whole drink
10p1_3mini_8.mp4,,running out to Dorcas you at all
10p1_3mini_8.mp4,,running out the door
10p1_3mini_8.mp4,,throw them in your bag
10p1_3mini_8.mp4,get the unsweetened protein powder then,
10p1_3mini_8.mp4,,make sure that they
10p1_3mini_8.mp4,,means just some protein
10p1_3mini_8.mp4,,shake it
5p0_3mini_1.mp4,do a little bit of journaling,
5p0_3mini_1.mp4,eat or drink at this point I,
5p0_3mini_1.mp4,show you,
5p0_3mini_1.mp4,see a little bit of my morning routine i,
5p0_3mini_1.mp4,,step on some water before i
5p0_3mini_1.mp4,,planned for our pizza theme that we always
5p0_3mini_1.mp4,,planned for our pizza theme
5p0_3mini_1.mp4,,tell from the title it
5p0_3mini_1.mp4,,eat on a friday
5p0_3mini_1.mp4,wake up i,
5p0_3mini_1.mp4,,eat in
5p0_3mini_1.mp4,,do on a friday
10p0_3mini_5.mp4,sprinkle the pumpkin seeds on top,
10p0_3mini_5.mp4,,sold 10 school lunches
10p0_3mini_5.mp4,,sprouted cql bread here
10p0_3mini_5.mp4,make it,
10p0_3mini_5.mp4,look a little bit pretty,
10p0_3mini_5.mp4,,do with your eyes
10p0_3mini_5.mp4,,use some
10p0_3mini_5.mp4,adding all the veggies,
10p0_3mini_5.mp4,,went ahead
10p0_3mini_5.mp4,,served to children in need
10p0_3mini_5.mp4,making a chickpea salad sandwich this,
10p0_3mini_5.mp4,chopped up all the ingredients,
10p0_3mini_5.mp4,,try this
10p0_3mini_5.mp4,,make the little assortment on the kale here just
7p1_3mini_5.mp4,bye person what,
7p1_3mini_5.mp4,see you guys,
7p1_3mini_5.mp4,doing it all on a budget I,
7p1_3mini_5.mp4,getting organized,
1p0_3mini_5.mp4,warm it,
1p0_3mini_5.mp4,relieve your cramping now if you,
1p0_3mini_5.mp4,put in the microwave,
1p0_3mini_5.mp4,,see anything that
1p0_3mini_5.mp4,put it on your lower abdomen,
1p0_3mini_5.mp4,go to the drugstore,
1p0_3mini_5.mp4,depending on the wattage of your microwave work,
1p0_3mini_5.mp4,make one yourself,
1p0_3mini_5.mp4,do a little self-care that,
1p0_3mini_5.mp4,fall out if I,
1p0_3mini_5.mp4,stick in the microwave same type of thing ten to thirty seconds it,
1p0_3mini_5.mp4,keep your eyes very closely on anything like this that you,
1p0_3mini_5.mp4,pulled out a few stress relief products which usually when you it,
2p0_3mini_8.mp4,do 30 just,
2p0_3mini_8.mp4,see what this,
2p0_3mini_8.mp4,looks like when it,
2p0_3mini_8.mp4,drop this whole thing oh,
2p0_3mini_8.mp4,end up,
2p0_3mini_8.mp4,do this one-handed how awful that,
2p0_3mini_8.mp4,looks like I,
